{"chunk_definitions":[{"row":29,"row_count":1,"visible":true,"expansion_state":0,"options":{"engine":"r","label":"setup","include":false,"dev":"png"},"document_id":"02A57AA1","chunk_id":"csetup_chunk","chunk_label":"setup"},{"row":78,"row_count":1,"visible":true,"expansion_state":0,"options":{"engine":"r","label":"Libraries","dev":"png"},"document_id":"02A57AA1","chunk_id":"ci4dzc57xbfx9","chunk_label":"Libraries"},{"row":90,"row_count":1,"visible":true,"expansion_state":0,"options":{"engine":"r","label":"unnamed-chunk-13","dev":"png"},"document_id":"02A57AA1","chunk_id":"cbfmav3wbm144","chunk_label":"unnamed-chunk-1"},{"row":100,"row_count":1,"visible":true,"expansion_state":0,"options":{"engine":"r","label":"unnamed-chunk-12","dev":"png"},"document_id":"02A57AA1","chunk_id":"cgb4la789s9qm","chunk_label":"unnamed-chunk-2"},{"row":245,"row_count":1,"visible":true,"expansion_state":0,"options":{"engine":"r","label":"unnamed-chunk-15","dev":"png"},"document_id":"02A57AA1","chunk_id":"cj6w04ekivfds","chunk_label":"unnamed-chunk-13"}],"doc_write_time":1713124208,"working_dir":null,"default_chunk_options":{"error":false,"echo":true,"warning":false,"message":false,"fig.width":5.0,"fig.height":4.0}}