"0","# Je créer le graphique"
"0","ggplot(data, aes(x = year, y = value, color = group)) +"
"0","  geom_line(size = 1, show.legend = ""point"") +"
"0","  geom_point(size = 2) +"
"0","  labs(x = """", "
"0","       y = """", "
"0","       color = """", "
"0","       title = ""Figure 2 : Annual population growth (%)"") +"
"0","  scale_color_manual(values = c(""#4682B4"", ""#696969"", ""gray"")) +"
"0","  theme_minimal() +"
"0","  theme(legend.position = c(0.13, 1.008), # Je met la légende en haut à gauche"
"0","        legend.direction = ""horizontal"",  # Je mets la légende horizontalement "
"0","        legend.key = element_blank(), # Je retire l'identifiant de la légende "
"0","        panel.grid.minor = element_blank(), # Je retire la grille par défaut "
"0","        axis.text = element_text(size = 11, color = ""black""),"
"0","        legend.title = element_text(size = 14),"
"0","        plot.title = element_text(colour = ""#4682B4"", "
"0","                                  face = ""italic"","
"0","                                  size = 13,"
"0","                                  hjust = 0,"
"0","                                  vjust = 2.5)) +"
"0","  scale_x_continuous(limits = c(1961, 2021), "
"0","                     breaks = seq(min(data$year) - 1, "
"0","                                  max(data$year) - 1, "
"0","                                  by = 10)) + # J'ajuste l'axe des abscisses"
"0","  scale_y_continuous(limits = c(0.5, 4)) + # J'ajuste l'axe des ordonnés"
"0","  geom_hline(yintercept = c(1, 2, 3, 4), "
"0","             linetype = ""dotted"", "
"0","             color = ""#696969"") + # J'arrange la grille"
"0","  guides(color = guide_legend(override.aes = list(size = 4))) +"
"0","  labs(caption = ""Source: World Bank"") +"
"0","  theme(plot.caption = element_text(size = 13, "
"0","                                    hjust = 0, "
"0","                                    vjust = 1, "
"0","                                    margin = margin(0, 10, 0, 0)))"
