"0","# Je créer le graphique"
"0","ggplot(data, aes(x = year, y = value, color = group)) +"
"0","  geom_line(size = 0.5, show.legend = ""point"") +"
"0","  geom_point(size = 1) +"
"0","  labs(x = """", y = """", color = """") +"
"0","  scale_color_manual(values = c(""#4682B4"", ""#696969"", ""gray"")) +"
"0","  theme_minimal() +"
"0","  theme(legend.position = ""top"", # Je met la légende en haut"
"0","        legend.key = element_blank(), # je retire l'identifiant de la légende "
"0","        panel.grid.minor = element_blank(), # Je retire la grille par défaut "
"0","        plot.title = element_text(hjust = 0.5, size = 14, face = ""bold"", color = ""#4682B4""),"
"0","        axis.text = element_text(size = 8, color = ""black""),"
"0","        legend.title = element_text(size = 10)) +"
"0","  scale_x_continuous(limits = c(1961, 2021), "
"0","                     breaks = seq(min(data$year) - 1, "
"0","                                  max(data$year) - 1, "
"0","                                  by = 10)) + # J'ajuste l'axe des abscisses"
"0","  scale_y_continuous(limits = c(0.5, 4)) + # J'ajuste l'axe des ordonnés"
"0","  geom_hline(yintercept = c(1, 2, 3, 4), "
"0","             linetype = ""dotted"", "
"0","             color = ""#696969"") + # J'arrange la grille"
"0","  guides(color = guide_legend(override.aes = list(size = 3)))"
