{"chunk_definitions":[{"row":33,"row_count":1,"visible":true,"expansion_state":0,"options":{"engine":"r","label":"setup","include":false,"dev":"png"},"document_id":"30CEE2E6","chunk_id":"csetup_chunk","chunk_label":"setup"},{"row":75,"row_count":1,"visible":true,"expansion_state":0,"options":{"engine":"r","label":"unnamed-chunk-1","dev":"png"},"document_id":"30CEE2E6","chunk_id":"c5jhcz6zu63bo","chunk_label":"unnamed-chunk-1"},{"row":87,"row_count":1,"visible":true,"expansion_state":0,"options":{"engine":"r","label":"unnamed-chunk-18","dev":"png"},"document_id":"30CEE2E6","chunk_id":"cg5tqiwasrj5f","chunk_label":"unnamed-chunk-2"},{"row":95,"row_count":1,"visible":true,"expansion_state":0,"options":{"engine":"r","label":"unnamed-chunk-19","dev":"png"},"document_id":"30CEE2E6","chunk_id":"cri9aaymxcp8e","chunk_label":"unnamed-chunk-3"},{"row":116,"row_count":1,"visible":true,"expansion_state":0,"options":{"engine":"r","label":"unnamed-chunk-20","dev":"png"},"document_id":"30CEE2E6","chunk_id":"cui4wsx4tie4d","chunk_label":"unnamed-chunk-4"},{"row":124,"row_count":1,"visible":true,"expansion_state":0,"options":{"engine":"r","label":"unnamed-chunk-21","dev":"png"},"document_id":"30CEE2E6","chunk_id":"c3ojhjghxxqcs","chunk_label":"unnamed-chunk-5"},{"row":134,"row_count":1,"visible":true,"expansion_state":0,"options":{"engine":"r","label":"unnamed-chunk-23","dev":"png"},"document_id":"30CEE2E6","chunk_id":"cj8r9uauw5s38","chunk_label":"unnamed-chunk-6"},{"row":141,"row_count":1,"visible":true,"expansion_state":0,"options":{"engine":"r","label":"unnamed-chunk-24","dev":"png"},"document_id":"30CEE2E6","chunk_id":"cy8grs1p3ugac","chunk_label":"unnamed-chunk-7"},{"row":154,"row_count":1,"visible":true,"expansion_state":0,"options":{"engine":"r","label":"unnamed-chunk-29","dev":"png"},"document_id":"30CEE2E6","chunk_id":"c0c49nmk9ys4w","chunk_label":"unnamed-chunk-8"}],"doc_write_time":1713992996}