"0","# Je créer le graphique"
"0","ggplot(data, aes(x = End.Year)) +"
"0","  geom_line(aes(y = Niger), "
"0","            size = 1, "
"0","            show.legend = ""point"","
"0","            color = ""#4682B4"") +"
"0","  geom_point(aes(y = Niger, color = ""Niger""),"
"0","             size = 2,"
"0","             show.legend = TRUE) +"
"0","  geom_line(aes(y = Western_Africa), "
"0","            size = 1, "
"0","            show.legend = ""point"","
"0","            color = ""#696969"") +"
"0","  geom_point(aes(y = Western_Africa, color = ""Western Africa""),"
"0","             size = 2,"
"0","             show.legend = TRUE) +"
"0","  geom_line(aes(y = World), "
"0","            size = 1, "
"0","            show.legend = ""point"","
"0","            color = ""gray"") +"
"0","  geom_point(aes(y = World, color = ""World""),"
"0","             size = 2,"
"0","             show.legend = TRUE) +"
"0","  scale_color_manual(values = c(""#4682B4"", ""#696969"", ""gray"")) +"
"0","  labs(x = """", "
"0","       y = """", "
"0","       color = """", "
"0","       title = ""Figure 1 : Income growth and distribution (Gini Index)"") +"
"0","  theme_minimal() +"
"0","  theme(legend.position = c(0.13, 1.008), # Je met la légende en haut à gauche"
"0","        legend.direction = ""horizontal"",  # Je mets la légende horizontalement "
"0","        legend.key = element_blank(), # je retire l'identifiant de la légende "
"0","        panel.grid.minor = element_blank(), # Je retire la grille par défaut "
"0","        axis.text = element_text(size = 11, color = ""black""),"
"0","        legend.title = element_text(size = 14),"
"0","        plot.title = element_text(colour = ""#4682B4"", "
"0","                                  face = ""italic"","
"0","                                  size = 13,"
"0","                                  hjust = 0,"
"0","                                  vjust = 2.5))+"
"0","  scale_x_continuous(limits = c(1960, 2021), "
"0","                     breaks = seq(min(data$End.Year) - 1, "
"0","                                  max(data$End.Year) - 1, "
"0","                                  by = 10)) + # J'ajuste l'axe des abscisses"
"0","  scale_y_continuous(limits = c(-20, 10)) + # J'ajuste l'axe des ordonnés"
"0","  geom_hline(yintercept = c(-20,"
"0","                            -15,"
"0","                            -10,"
"0","                            -5, "
"0","                            0,"
"0","                            5,"
"0","                            10),"
"0","             linetype = ""dashed"", # Configuration des lignes horizontales"
"0","             color = ""gray"") +"
"0","  geom_vline(xintercept = c(1970, "
"0","                            1980, "
"0","                            1990, "
"0","                            2000, "
"0","                            2010,"
"0","                            2020), # Verticales "
"0","             color = ""gray"") +# J'arrange la grille"
"0","  guides(color = guide_legend(override.aes = list(size = 4))) +"
"0","  labs(caption = ""Source: World Bank"") + # La source"
"0","  theme(plot.caption = element_text(size = 13, # Je positionne le titre"
"0","                                    hjust = 0, "
"0","                                    vjust = 1, "
"0","                                    margin = margin(0, 10, 0, 0)))"
