{"chunk_definitions":[{"row":36,"row_count":1,"visible":true,"expansion_state":0,"options":{"engine":"r","label":"setup","include":false,"dev":"png"},"document_id":"30CEE2E6","chunk_id":"csetup_chunk","chunk_label":"setup"},{"row":85,"row_count":1,"visible":true,"expansion_state":0,"options":{"engine":"r","label":"unnamed-chunk-53","dev":"png"},"document_id":"30CEE2E6","chunk_id":"c1bjia2l6etmn","chunk_label":"unnamed-chunk-1"},{"row":97,"row_count":1,"visible":true,"expansion_state":0,"options":{"engine":"r","label":"unnamed-chunk-54","dev":"png"},"document_id":"30CEE2E6","chunk_id":"co668v4dn3wx8","chunk_label":"unnamed-chunk-2"},{"row":105,"row_count":1,"visible":true,"expansion_state":0,"options":{"engine":"r","label":"unnamed-chunk-55","dev":"png"},"document_id":"30CEE2E6","chunk_id":"cdlxlqvfgdmn6","chunk_label":"unnamed-chunk-3"},{"row":126,"row_count":1,"visible":true,"expansion_state":0,"options":{"engine":"r","label":"unnamed-chunk-56","dev":"png"},"document_id":"30CEE2E6","chunk_id":"c1pwybcqnpm20","chunk_label":"unnamed-chunk-4"},{"row":134,"row_count":1,"visible":true,"expansion_state":0,"options":{"engine":"r","label":"unnamed-chunk-57","dev":"png"},"document_id":"30CEE2E6","chunk_id":"clf2bvhti9w9j","chunk_label":"unnamed-chunk-5"},{"row":144,"row_count":1,"visible":true,"expansion_state":0,"options":{"engine":"r","label":"unnamed-chunk-58","dev":"png"},"document_id":"30CEE2E6","chunk_id":"cskqo3hih35pf","chunk_label":"unnamed-chunk-6"},{"row":151,"row_count":1,"visible":true,"expansion_state":0,"options":{"engine":"r","label":"unnamed-chunk-59","dev":"png"},"document_id":"30CEE2E6","chunk_id":"cj1nnv0uplszq","chunk_label":"unnamed-chunk-7"},{"row":164,"row_count":1,"visible":true,"expansion_state":0,"options":{"engine":"r","label":"unnamed-chunk-60","dev":"png"},"document_id":"30CEE2E6","chunk_id":"c0bzj44mpp4un","chunk_label":"unnamed-chunk-8"},{"row":246,"row_count":1,"visible":true,"expansion_state":0,"options":{"engine":"r","label":"unnamed-chunk-62","dev":"png"},"document_id":"30CEE2E6","chunk_id":"cybgeifuc2u6w","chunk_label":"unnamed-chunk-10"},{"row":254,"row_count":1,"visible":true,"expansion_state":0,"options":{"engine":"r","label":"unnamed-chunk-63","dev":"png"},"document_id":"30CEE2E6","chunk_id":"ccpraup4c3s31","chunk_label":"unnamed-chunk-11"},{"row":275,"row_count":1,"visible":true,"expansion_state":0,"options":{"engine":"r","label":"unnamed-chunk-64","dev":"png"},"document_id":"30CEE2E6","chunk_id":"cnhxcxx1vprtk","chunk_label":"unnamed-chunk-12"},{"row":283,"row_count":1,"visible":true,"expansion_state":0,"options":{"engine":"r","label":"unnamed-chunk-65","dev":"png"},"document_id":"30CEE2E6","chunk_id":"cphs63rfkxy55","chunk_label":"unnamed-chunk-13"},{"row":294,"row_count":1,"visible":true,"expansion_state":0,"options":{"engine":"r","label":"unnamed-chunk-66","dev":"png"},"document_id":"30CEE2E6","chunk_id":"c2npmh5rb1ux3","chunk_label":"unnamed-chunk-14"},{"row":301,"row_count":1,"visible":true,"expansion_state":0,"options":{"engine":"r","label":"unnamed-chunk-67","dev":"png"},"document_id":"30CEE2E6","chunk_id":"cqj20nyqz34np","chunk_label":"unnamed-chunk-15"},{"row":321,"row_count":1,"visible":true,"expansion_state":0,"options":{"engine":"r","label":"unnamed-chunk-68","dev":"png"},"document_id":"30CEE2E6","chunk_id":"c0p53om0wm13w","chunk_label":"unnamed-chunk-16"},{"row":371,"row_count":1,"visible":true,"expansion_state":0,"options":{"engine":"r","label":"unnamed-chunk-70","dev":"png"},"document_id":"30CEE2E6","chunk_id":"czfy267xc75y4","chunk_label":"unnamed-chunk-18"},{"row":379,"row_count":1,"visible":true,"expansion_state":0,"options":{"engine":"r","label":"unnamed-chunk-71","dev":"png"},"document_id":"30CEE2E6","chunk_id":"cai20vif1dr36","chunk_label":"unnamed-chunk-19"},{"row":400,"row_count":1,"visible":true,"expansion_state":0,"options":{"engine":"r","label":"unnamed-chunk-72","dev":"png"},"document_id":"30CEE2E6","chunk_id":"ckd7a2xxkb4at","chunk_label":"unnamed-chunk-20"},{"row":408,"row_count":1,"visible":true,"expansion_state":0,"options":{"engine":"r","label":"unnamed-chunk-73","dev":"png"},"document_id":"30CEE2E6","chunk_id":"clla8ckhr9vlf","chunk_label":"unnamed-chunk-21"},{"row":419,"row_count":1,"visible":true,"expansion_state":0,"options":{"engine":"r","label":"unnamed-chunk-74","dev":"png"},"document_id":"30CEE2E6","chunk_id":"cisl0hske9ncd","chunk_label":"unnamed-chunk-22"},{"row":426,"row_count":1,"visible":true,"expansion_state":0,"options":{"engine":"r","label":"unnamed-chunk-75","dev":"png"},"document_id":"30CEE2E6","chunk_id":"cubiov3z2vvhg","chunk_label":"unnamed-chunk-23"},{"row":438,"row_count":1,"visible":true,"expansion_state":0,"options":{"engine":"r","label":"unnamed-chunk-76","dev":"png"},"document_id":"30CEE2E6","chunk_id":"c40yh0zo2ja96","chunk_label":"unnamed-chunk-24"}],"doc_write_time":1714178381,"working_dir":null,"default_chunk_options":{"error":false,"echo":true,"warning":false,"message":false,"fig.width":9.0,"fig.height":6.0},"chunk_rendered_width":700}