"0","# J'extrait les données de l'Afrique de l'Ouest à l'aide de filter() de dplyr"
"0","western_africa_data <- base_3 |> "
"0","  filter(Region.Name %in% c(""Benin"","
"0","  ""Burkina Faso"","
"0","  ""Cabo Verde"","
"0","  ""Côte d’Ivoire"","
"0","  ""Gambia"","
"0","  ""Ghana"","
"0","  ""Guinea"","
"0","  ""Guinea-Bissau"","
"0","  ""Liberia"","
"0","  ""Mali"","
"0","  ""Mauritania"","
"0","  ""Niger"","
"0","  ""Nigeria"","
"0","  ""Senegal"","
"0","  ""Sierra Leone"","
"0","  ""Togo""))"
