{"chunk_definitions":[{"row":33,"row_count":1,"visible":true,"expansion_state":0,"options":{"engine":"r","label":"setup","include":false,"dev":"png"},"document_id":"30CEE2E6","chunk_id":"csetup_chunk","chunk_label":"setup"},{"row":75,"row_count":1,"visible":true,"expansion_state":0,"options":{"engine":"r","label":"unnamed-chunk-3","dev":"png"},"document_id":"30CEE2E6","chunk_id":"c5jhcz6zu63bo","chunk_label":"unnamed-chunk-1"},{"row":87,"row_count":1,"visible":true,"expansion_state":0,"options":{"engine":"r","label":"unnamed-chunk-4","dev":"png"},"document_id":"30CEE2E6","chunk_id":"cg5tqiwasrj5f","chunk_label":"unnamed-chunk-2"},{"row":95,"row_count":1,"visible":true,"expansion_state":0,"options":{"engine":"r","label":"unnamed-chunk-5","dev":"png"},"document_id":"30CEE2E6","chunk_id":"cri9aaymxcp8e","chunk_label":"unnamed-chunk-3"},{"row":116,"row_count":1,"visible":true,"expansion_state":0,"options":{"engine":"r","label":"unnamed-chunk-6","dev":"png"},"document_id":"30CEE2E6","chunk_id":"cui4wsx4tie4d","chunk_label":"unnamed-chunk-4"},{"row":124,"row_count":1,"visible":true,"expansion_state":0,"options":{"engine":"r","label":"unnamed-chunk-7","dev":"png"},"document_id":"30CEE2E6","chunk_id":"c3ojhjghxxqcs","chunk_label":"unnamed-chunk-5"},{"row":134,"row_count":1,"visible":true,"expansion_state":0,"options":{"engine":"r","label":"unnamed-chunk-8","dev":"png"},"document_id":"30CEE2E6","chunk_id":"cj8r9uauw5s38","chunk_label":"unnamed-chunk-6"},{"row":141,"row_count":1,"visible":true,"expansion_state":0,"options":{"engine":"r","label":"unnamed-chunk-9","dev":"png"},"document_id":"30CEE2E6","chunk_id":"cy8grs1p3ugac","chunk_label":"unnamed-chunk-7"},{"row":154,"row_count":1,"visible":true,"expansion_state":0,"options":{"engine":"r","label":"unnamed-chunk-10","dev":"png"},"document_id":"30CEE2E6","chunk_id":"c0c49nmk9ys4w","chunk_label":"unnamed-chunk-8"},{"row":224,"row_count":1,"visible":true,"expansion_state":0,"options":{"engine":"r","label":"unnamed-chunk-11","dev":"png"},"document_id":"30CEE2E6","chunk_id":"ci005turxex7r","chunk_label":"unnamed-chunk-9"},{"row":236,"row_count":1,"visible":true,"expansion_state":0,"options":{"engine":"r","label":"unnamed-chunk-12","dev":"png"},"document_id":"30CEE2E6","chunk_id":"ctnpgcufoxhko","chunk_label":"unnamed-chunk-10"},{"row":244,"row_count":1,"visible":true,"expansion_state":0,"options":{"engine":"r","label":"unnamed-chunk-13","dev":"png"},"document_id":"30CEE2E6","chunk_id":"cbccmss8rwiul","chunk_label":"unnamed-chunk-11"},{"row":265,"row_count":1,"visible":true,"expansion_state":0,"options":{"engine":"r","label":"unnamed-chunk-14","dev":"png"},"document_id":"30CEE2E6","chunk_id":"cx68iev52tz5e","chunk_label":"unnamed-chunk-12"},{"row":273,"row_count":1,"visible":true,"expansion_state":0,"options":{"engine":"r","label":"unnamed-chunk-15","dev":"png"},"document_id":"30CEE2E6","chunk_id":"c71sa44w4cmad","chunk_label":"unnamed-chunk-13"},{"row":284,"row_count":1,"visible":true,"expansion_state":0,"options":{"engine":"r","label":"unnamed-chunk-16","dev":"png"},"document_id":"30CEE2E6","chunk_id":"c9mszuk3blzpu","chunk_label":"unnamed-chunk-14"},{"row":291,"row_count":1,"visible":true,"expansion_state":0,"options":{"engine":"r","label":"unnamed-chunk-17","dev":"png"},"document_id":"30CEE2E6","chunk_id":"cbk068ryuy6c3","chunk_label":"unnamed-chunk-15"},{"row":311,"row_count":1,"visible":true,"expansion_state":0,"options":{"engine":"r","label":"unnamed-chunk-18","dev":"png"},"document_id":"30CEE2E6","chunk_id":"cbd35glyd6xz1","chunk_label":"unnamed-chunk-16"},{"row":349,"row_count":1,"visible":true,"expansion_state":0,"options":{"engine":"r","label":"unnamed-chunk-19","dev":"png"},"document_id":"30CEE2E6","chunk_id":"compbvelsmci4","chunk_label":"unnamed-chunk-17"},{"row":361,"row_count":1,"visible":true,"expansion_state":0,"options":{"engine":"r","label":"unnamed-chunk-20","dev":"png"},"document_id":"30CEE2E6","chunk_id":"c5i8y9iy5kej8","chunk_label":"unnamed-chunk-18"},{"row":369,"row_count":1,"visible":true,"expansion_state":0,"options":{"engine":"r","label":"unnamed-chunk-21","dev":"png"},"document_id":"30CEE2E6","chunk_id":"ckr68fslou494","chunk_label":"unnamed-chunk-19"},{"row":390,"row_count":1,"visible":true,"expansion_state":0,"options":{"engine":"r","label":"unnamed-chunk-22","dev":"png"},"document_id":"30CEE2E6","chunk_id":"c0hj55jjq4mn9","chunk_label":"unnamed-chunk-20"},{"row":398,"row_count":1,"visible":true,"expansion_state":0,"options":{"engine":"r","label":"unnamed-chunk-23","dev":"png"},"document_id":"30CEE2E6","chunk_id":"ct7noxwzxyn34","chunk_label":"unnamed-chunk-21"},{"row":409,"row_count":1,"visible":true,"expansion_state":0,"options":{"engine":"r","label":"unnamed-chunk-24","dev":"png"},"document_id":"30CEE2E6","chunk_id":"cfegm90c7mxcp","chunk_label":"unnamed-chunk-22"},{"row":416,"row_count":1,"visible":true,"expansion_state":0,"options":{"engine":"r","label":"unnamed-chunk-25","dev":"png"},"document_id":"30CEE2E6","chunk_id":"creovv2h2ukpz","chunk_label":"unnamed-chunk-23"},{"row":428,"row_count":1,"visible":true,"expansion_state":0,"options":{"engine":"r","label":"unnamed-chunk-28","dev":"png"},"document_id":"30CEE2E6","chunk_id":"cytd6ipze1w5r","chunk_label":"unnamed-chunk-24"},{"row":499,"row_count":1,"visible":true,"expansion_state":0,"options":{"engine":"r","label":"unnamed-chunk-27","dev":"png"},"document_id":"30CEE2E6","chunk_id":"cfl20jl5c8use","chunk_label":"unnamed-chunk-25"}],"doc_write_time":1714052638,"working_dir":null,"default_chunk_options":{"error":false,"echo":true,"warning":false,"message":false,"fig.width":9.0,"fig.height":6.0}}