{"chunk_definitions":[{"row":29,"row_count":1,"visible":true,"expansion_state":0,"options":{"engine":"r","label":"setup","include":false,"dev":"png"},"document_id":"30CEE2E6","chunk_id":"csetup_chunk","chunk_label":"setup"},{"row":65,"row_count":1,"visible":true,"expansion_state":0,"options":{"engine":"r","label":"unnamed-chunk-1","dev":"png"},"document_id":"30CEE2E6","chunk_id":"c5jhcz6zu63bo","chunk_label":"unnamed-chunk-1"},{"row":77,"row_count":1,"visible":true,"expansion_state":0,"options":{"engine":"r","label":"unnamed-chunk-2","dev":"png"},"document_id":"30CEE2E6","chunk_id":"cg5tqiwasrj5f","chunk_label":"unnamed-chunk-2"},{"row":85,"row_count":1,"visible":true,"expansion_state":0,"options":{"engine":"r","label":"unnamed-chunk-3","dev":"png"},"document_id":"30CEE2E6","chunk_id":"cri9aaymxcp8e","chunk_label":"unnamed-chunk-3"},{"row":106,"row_count":1,"visible":true,"expansion_state":0,"options":{"engine":"r","label":"unnamed-chunk-4","dev":"png"},"document_id":"30CEE2E6","chunk_id":"cui4wsx4tie4d","chunk_label":"unnamed-chunk-4"},{"row":114,"row_count":1,"visible":true,"expansion_state":0,"options":{"engine":"r","label":"unnamed-chunk-5","dev":"png"},"document_id":"30CEE2E6","chunk_id":"c3ojhjghxxqcs","chunk_label":"unnamed-chunk-5"},{"row":127,"row_count":1,"visible":true,"expansion_state":0,"options":{"engine":"r","label":"unnamed-chunk-6","dev":"png"},"document_id":"30CEE2E6","chunk_id":"cj8r9uauw5s38","chunk_label":"unnamed-chunk-6"},{"row":133,"row_count":1,"visible":true,"expansion_state":0,"options":{"engine":"r","label":"unnamed-chunk-7","dev":"png"},"document_id":"30CEE2E6","chunk_id":"cd94e2z4dc2os","chunk_label":"unnamed-chunk-7"},{"row":145,"row_count":1,"visible":true,"expansion_state":0,"options":{"engine":"r","label":"unnamed-chunk-25","dev":"png"},"document_id":"30CEE2E6","chunk_id":"c4896n9z92tk7","chunk_label":"unnamed-chunk-8"},{"row":153,"row_count":1,"visible":true,"expansion_state":0,"options":{"engine":"r","label":"unnamed-chunk-26","dev":"png"},"document_id":"30CEE2E6","chunk_id":"c6ohxkbpyygm9","chunk_label":"unnamed-chunk-9"},{"row":174,"row_count":1,"visible":true,"expansion_state":0,"options":{"engine":"r","label":"unnamed-chunk-27","dev":"png"},"document_id":"30CEE2E6","chunk_id":"cfy3hec22dw50","chunk_label":"unnamed-chunk-10"},{"row":182,"row_count":1,"visible":true,"expansion_state":0,"options":{"engine":"r","label":"unnamed-chunk-28","dev":"png"},"document_id":"30CEE2E6","chunk_id":"c0ife62co30au","chunk_label":"unnamed-chunk-11"},{"row":193,"row_count":1,"visible":true,"expansion_state":0,"options":{"engine":"r","label":"unnamed-chunk-29","dev":"png"},"document_id":"30CEE2E6","chunk_id":"c3z9itpe1yqio","chunk_label":"unnamed-chunk-12"},{"row":200,"row_count":1,"visible":true,"expansion_state":0,"options":{"engine":"r","label":"unnamed-chunk-30","dev":"png"},"document_id":"30CEE2E6","chunk_id":"c1g8zcseihxgv","chunk_label":"unnamed-chunk-13"},{"row":220,"row_count":1,"visible":true,"expansion_state":0,"options":{"engine":"r","label":"unnamed-chunk-31","dev":"png"},"document_id":"30CEE2E6","chunk_id":"chxb52grhdlwi","chunk_label":"unnamed-chunk-14"},{"row":267,"row_count":1,"visible":true,"expansion_state":0,"options":{"engine":"r","label":"unnamed-chunk-68","dev":"png"},"document_id":"30CEE2E6","chunk_id":"c38a6zvqrr4pq","chunk_label":"unnamed-chunk-16"},{"row":275,"row_count":1,"visible":true,"expansion_state":0,"options":{"engine":"r","label":"unnamed-chunk-69","dev":"png"},"document_id":"30CEE2E6","chunk_id":"cxn2z7fx0ocle","chunk_label":"unnamed-chunk-17"},{"row":296,"row_count":1,"visible":true,"expansion_state":0,"options":{"engine":"r","label":"unnamed-chunk-70","dev":"png"},"document_id":"30CEE2E6","chunk_id":"cxd79kkrtildi","chunk_label":"unnamed-chunk-18"},{"row":304,"row_count":1,"visible":true,"expansion_state":0,"options":{"engine":"r","label":"unnamed-chunk-72","dev":"png"},"document_id":"30CEE2E6","chunk_id":"cr6z4r8avbmvw","chunk_label":"unnamed-chunk-19"},{"row":315,"row_count":1,"visible":true,"expansion_state":0,"options":{"engine":"r","label":"unnamed-chunk-74","dev":"png"},"document_id":"30CEE2E6","chunk_id":"cozg0a5pvn6ry","chunk_label":"unnamed-chunk-20"},{"row":322,"row_count":1,"visible":true,"expansion_state":0,"options":{"engine":"r","label":"unnamed-chunk-75","dev":"png"},"document_id":"30CEE2E6","chunk_id":"cmgwua4shmx33","chunk_label":"unnamed-chunk-21"},{"row":342,"row_count":1,"visible":true,"expansion_state":0,"options":{"engine":"r","label":"unnamed-chunk-22","dev":"png"},"document_id":"30CEE2E6","chunk_id":"ct8wlf7q8ooc5","chunk_label":"unnamed-chunk-22"},{"row":350,"row_count":1,"visible":true,"expansion_state":0,"options":{"engine":"r","label":"unnamed-chunk-76","dev":"png"},"document_id":"30CEE2E6","chunk_id":"clu0u2pyol6l8","chunk_label":"unnamed-chunk-23"},{"row":397,"row_count":1,"visible":true,"expansion_state":0,"options":{"engine":"r","fig.cap":"Gender inequality index","fig.align":"topLeft","label":"unnamed-chunk-65","dev":"png"},"document_id":"30CEE2E6","chunk_id":"cpmy0ioy3a2bn","chunk_label":"unnamed-chunk-24"},{"row":466,"row_count":1,"visible":true,"expansion_state":0,"options":{"engine":"r","label":"unnamed-chunk-86","dev":"png"},"document_id":"30CEE2E6","chunk_id":"cfyxt11h8p9zb","chunk_label":"unnamed-chunk-25"}],"doc_write_time":1713883591,"working_dir":null,"default_chunk_options":{"error":false,"echo":true,"warning":false,"message":false,"fig.width":9.0,"fig.height":6.0},"chunk_rendered_width":700}